{"aAcc": 96.33, "mIoU": 81.97, "mAcc": 94.61, "data_time": 0.003992652893066407, "time": 0.01242297887802124, "step": 0}
