{"aAcc": 33.64, "mIoU": 27.56, "mAcc": 70.58, "data_time": 0.003940825462341309, "time": 0.012246673107147216, "step": 0}
