{"aAcc": 95.41, "mIoU": 71.21, "mAcc": 82.38, "data_time": 0.0033457636833190917, "time": 0.011756908893585206, "step": 0}
