{"aAcc": 42.11, "mIoU": 7.67, "mAcc": 49.13, "data_time": 0.016852283477783205, "time": 3.393416428565979, "step": 0}
