{"aAcc": 47.9, "mIoU": 17.96, "mAcc": 50.25, "data_time": 0.02070025297311636, "time": 0.03030556898850661, "step": 0}
