{"aAcc": 93.26, "mIoU": 63.75, "mAcc": 75.92, "data_time": 0.0037866783142089843, "time": 0.026735265254974366, "step": 0}
