{"aAcc": 62.22, "mIoU": 26.98, "mAcc": 54.89, "data_time": 0.0041823601722717286, "time": 0.012684268951416016, "step": 0}
