{"aAcc": 47.46, "mIoU": 9.52, "mAcc": 44.49, "data_time": 0.019999480247497557, "time": 3.3103577852249146, "step": 0}
{"aAcc": 47.46, "mIoU": 9.52, "mAcc": 44.49, "data_time": 0.02526276111602783, "time": 3.2800832271575926, "step": 0}
{"aAcc": 47.46, "mIoU": 9.52, "mAcc": 44.49, "data_time": 0.02337653636932373, "time": 3.3074883699417112, "step": 0}
{"aAcc": 47.46, "mIoU": 9.52, "mAcc": 44.49, "data_time": 0.023721718788146974, "time": 3.314160680770874, "step": 0}
{"aAcc": 47.46, "mIoU": 9.52, "mAcc": 44.49, "data_time": 0.02420046329498291, "time": 3.3129963159561155, "step": 0}
{"aAcc": 47.46, "mIoU": 9.52, "mAcc": 44.49, "data_time": 0.024085521697998047, "time": 3.347772169113159, "step": 0}
{"aAcc": 47.46, "mIoU": 9.52, "mAcc": 44.49, "data_time": 0.026460742950439452, "time": 3.3606948137283323, "step": 0}
{"aAcc": 47.46, "mIoU": 9.52, "mAcc": 44.49, "data_time": 0.02034909725189209, "time": 3.364686918258667, "step": 0}
