{"aAcc": 44.43, "mIoU": 16.25, "mAcc": 48.85, "data_time": 0.015172683275662936, "time": 0.024211938564593975, "step": 0}
