{"aAcc": 93.68, "mIoU": 60.8, "mAcc": 71.31, "data_time": 0.004139013290405273, "time": 0.02961287260055542, "step": 0}
