{"aAcc": 42.78, "mIoU": 16.16, "mAcc": 48.15, "data_time": 0.01774316567641038, "time": 0.026813525419968825, "step": 0}
