{"aAcc": 35.71, "mIoU": 17.18, "mAcc": 64.48, "data_time": 0.0034143662452697753, "time": 0.007818024158477783, "step": 0}
