{"aAcc": 81.91, "mIoU": 47.07, "mAcc": 66.14, "data_time": 0.002416715517148867, "time": 0.010515319122062935, "step": 0}
