{"aAcc": 41.8, "mIoU": 13.79, "mAcc": 42.61, "data_time": 0.0036359548568725584, "time": 3.491063278913498, "step": 0}
