{"aAcc": 39.88, "mIoU": 21.62, "mAcc": 71.86, "data_time": 0.004326050281524658, "time": 0.02165747880935669, "step": 0}
