{"aAcc": 82.22, "mIoU": 47.08, "mAcc": 75.22, "data_time": 0.003741300106048584, "time": 0.011988739967346191, "step": 0}
