{"aAcc": 45.33, "mIoU": 18.03, "mAcc": 52.53, "data_time": 0.020798261349017803, "time": 0.030738298709575947, "step": 0}
