{"aAcc": 82.16, "mIoU": 46.52, "mAcc": 74.49, "data_time": 0.0039263606071472164, "time": 0.012257857322692871, "step": 0}
