{"aAcc": 73.81, "mIoU": 5.68, "mAcc": 7.69, "data_time": 0.02152538299560547, "time": 3.324160265922546, "step": 0}
