{"aAcc": 45.35, "mIoU": 19.48, "mAcc": 56.14, "data_time": 0.015565266975989709, "time": 0.024485184596135065, "step": 0}
