{"aAcc": 86.65, "mIoU": 55.37, "mAcc": 64.33, "data_time": 0.0059151768684387205, "time": 0.030617692470550538, "step": 0}
