{"aAcc": 42.78, "mIoU": 16.16, "mAcc": 48.15, "data_time": 0.0028281307220458986, "time": 0.0057810378074646, "step": 0}
