{"aAcc": 42.57, "mIoU": 31.15, "mAcc": 71.24, "data_time": 0.004150936603546143, "time": 0.011472165584564209, "step": 0}
