{"aAcc": 42.94, "mIoU": 31.06, "mAcc": 71.84, "data_time": 0.005562312602996826, "time": 0.026030592918395996, "step": 0}
