{"aAcc": 43.51, "mIoU": 30.96, "mAcc": 68.95, "data_time": 0.003323676586151123, "time": 0.010661396980285644, "step": 0}
