{"aAcc": 73.81, "mIoU": 5.68, "mAcc": 7.69, "data_time": 0.021385550498962402, "time": 3.18823127746582, "step": 0}
