{"aAcc": 44.43, "mIoU": 16.25, "mAcc": 48.85, "data_time": 0.017198489262507513, "time": 0.025908433474027194, "step": 0}
