{"aAcc": 40.2, "mIoU": 14.44, "mAcc": 48.74, "data_time": 0.00215735409285996, "time": 0.010517802867260609, "step": 0}
