{"aAcc": 86.13, "mIoU": 52.64, "mAcc": 65.01, "data_time": 0.005390963554382324, "time": 0.029480628967285157, "step": 0}
