{"aAcc": 44.43, "mIoU": 16.25, "mAcc": 48.85, "data_time": 0.01873469352722168, "time": 0.027855653029221755, "step": 0}
