{"aAcc": 51.15, "mIoU": 17.87, "mAcc": 48.56, "data_time": 0.005574648380279541, "time": 0.02928795099258423, "step": 0}
