{"aAcc": 41.92, "mIoU": 18.7, "mAcc": 59.16, "data_time": 0.01737497403071477, "time": 0.02700517727778508, "step": 0}
