{"aAcc": 45.29, "mIoU": 22.8, "mAcc": 71.08, "data_time": 0.004573979377746582, "time": 0.024386484622955323, "step": 0}
