{"aAcc": 84.22, "mIoU": 43.41, "mAcc": 55.69, "data_time": 0.003908348083496094, "time": 0.02500032663345337, "step": 0}
