{"aAcc": 38.31, "mIoU": 15.53, "mAcc": 49.96, "data_time": 0.015799247301541842, "time": 0.025039214354294997, "step": 0}
