{"aAcc": 53.26, "mIoU": 20.97, "mAcc": 54.32, "data_time": 0.00375640869140625, "time": 0.020620951652526854, "step": 0}
