{"aAcc": 40.16, "mIoU": 13.28, "mAcc": 43.44, "data_time": 0.01660288297213041, "time": 0.027239909538855918, "step": 0}
