{"aAcc": 52.36, "mIoU": 18.81, "mAcc": 50.22, "data_time": 0.0061813855171203615, "time": 0.02874415397644043, "step": 0}
