{"aAcc": 68.36, "mIoU": 32.83, "mAcc": 64.2, "data_time": 0.003670506477355957, "time": 0.01186734914779663, "step": 0}
