{"aAcc": 37.66, "mIoU": 14.75, "mAcc": 50.31, "data_time": 0.0022667947706285414, "time": 0.010523041526039879, "step": 0}
