{"aAcc": 85.4, "mIoU": 54.18, "mAcc": 72.1, "data_time": 0.005066138047438402, "time": 0.013375355647160457, "step": 0}
