{"aAcc": 39.81, "mIoU": 19.38, "mAcc": 62.23, "data_time": 0.005080235004425049, "time": 0.026661031246185303, "step": 0}
