{"aAcc": 62.29, "mIoU": 27.09, "mAcc": 54.23, "data_time": 0.0023807287216186523, "time": 0.010384441732050298, "step": 0}
