{"aAcc": 49.4, "mIoU": 16.04, "mAcc": 44.13, "data_time": 0.02115319325373723, "time": 0.03065947385934683, "step": 0}
