{"aAcc": 34.54, "mIoU": 21.32, "mAcc": 61.29, "data_time": 0.003917434215545654, "time": 0.011315789222717285, "step": 0}
