{"aAcc": 83.48, "mIoU": 36.32, "mAcc": 45.18, "data_time": 0.0059609532356262205, "time": 0.03188770055770874, "step": 0}
