{"aAcc": 85.4, "mIoU": 54.18, "mAcc": 72.1, "data_time": 0.004022788215469528, "time": 0.01208048600416917, "step": 0}
