{"aAcc": 96.16, "mIoU": 81.21, "mAcc": 87.4, "data_time": 0.0023688156526167313, "time": 0.010504895514184301, "step": 0}
