{"aAcc": 37.76, "mIoU": 15.09, "mAcc": 49.17, "data_time": 0.017971570675189678, "time": 0.027579399255605843, "step": 0}
