{"aAcc": 91.18, "mIoU": 64.47, "mAcc": 76.08, "data_time": 0.004072730541229248, "time": 0.02863330125808716, "step": 0}
