{"aAcc": 44.55, "mIoU": 15.5, "mAcc": 46.98, "data_time": 0.015446351124690129, "time": 0.024263510337242715, "step": 0}
