{"aAcc": 47.83, "mIoU": 19.32, "mAcc": 54.36, "data_time": 0.013851679288423978, "time": 0.02288510249211238, "step": 0}
