{"aAcc": 46.15, "mIoU": 17.17, "mAcc": 49.07, "data_time": 0.01375592671907865, "time": 0.024017755801861104, "step": 0}
