{"aAcc": 54.34, "mIoU": 24.41, "mAcc": 61.14, "data_time": 0.005879621505737304, "time": 0.026727240085601806, "step": 0}
