{"aAcc": 49.78, "mIoU": 25.55, "mAcc": 74.32, "data_time": 0.004090328216552735, "time": 0.011875970363616943, "step": 0}
