{"aAcc": 93.38, "mIoU": 63.71, "mAcc": 77.45, "data_time": 0.004723329544067383, "time": 0.028574419021606446, "step": 0}
