{"aAcc": 51.02, "mIoU": 25.35, "mAcc": 69.79, "data_time": 0.004224894046783448, "time": 0.0241836142539978, "step": 0}
