{"aAcc": 72.93, "mIoU": 38.14, "mAcc": 67.41, "data_time": 0.00478792667388916, "time": 0.012798612117767333, "step": 0}
