{"aAcc": 43.82, "mIoU": 30.98, "mAcc": 70.34, "data_time": 0.00510181188583374, "time": 0.023595705032348632, "step": 0}
