{"aAcc": 82.14, "mIoU": 46.43, "mAcc": 63.88, "data_time": 0.0024671580765273544, "time": 0.010516676273974743, "step": 0}
