{"aAcc": 84.04, "mIoU": 51.43, "mAcc": 70.25, "data_time": 0.0024702221482664675, "time": 0.010839250061538193, "step": 0}
