{"aAcc": 49.61, "mIoU": 9.53, "mAcc": 39.51, "data_time": 0.02196660041809082, "time": 3.3520195484161377, "step": 0}
