{"aAcc": 84.95, "mIoU": 42.13, "mAcc": 52.19, "data_time": 0.0050985956192016605, "time": 0.03071674585342407, "step": 0}
