{"aAcc": 84.13, "mIoU": 50.37, "mAcc": 67.13, "data_time": 0.0025695012165949894, "time": 0.010991642763326457, "step": 0}
