{"aAcc": 59.52, "mIoU": 27.87, "mAcc": 67.74, "data_time": 0.005176093578338623, "time": 0.03447169542312622, "step": 0}
