{"aAcc": 34.89, "mIoU": 27.33, "mAcc": 75.07, "data_time": 0.004972021579742431, "time": 0.025294041633605956, "step": 0}
