{"aAcc": 63.61, "mIoU": 28.92, "mAcc": 56.47, "data_time": 0.00415935754776001, "time": 0.011963560581207275, "step": 0}
