{"aAcc": 33.44, "mIoU": 16.17, "mAcc": 61.51, "data_time": 0.01852114383990948, "time": 0.036606238438532904, "step": 0}
