{"aAcc": 38.91, "mIoU": 13.76, "mAcc": 45.79, "data_time": 0.015052446952232948, "time": 0.024106355813833382, "step": 0}
