{"aAcc": 40.44, "mIoU": 14.5, "mAcc": 48.57, "data_time": 0.014571153200589694, "time": 0.02429371613722581, "step": 0}
