{"aAcc": 73.87, "mIoU": 38.18, "mAcc": 64.73, "data_time": 0.0033367156982421877, "time": 0.011360859870910645, "step": 0}
