{"aAcc": 49.12, "mIoU": 24.92, "mAcc": 71.12, "data_time": 0.0041321063041687015, "time": 0.021523404121398925, "step": 0}
