{"aAcc": 72.92, "mIoU": 38.15, "mAcc": 62.91, "data_time": 0.003912396430969238, "time": 0.011815876960754394, "step": 0}
