{"aAcc": 34.6, "mIoU": 17.13, "mAcc": 61.29, "data_time": 0.01904748036311223, "time": 0.03433339412395771, "step": 0}
