{"aAcc": 37.92, "mIoU": 32.11, "mAcc": 71.0, "data_time": 0.0027048391300243334, "time": 0.009671412981473483, "step": 0}
