{"aAcc": 96.09, "mIoU": 74.89, "mAcc": 83.3, "data_time": 0.0035538172721862795, "time": 0.011951661109924317, "step": 0}
