{"aAcc": 61.59, "mIoU": 27.69, "mAcc": 64.03, "data_time": 0.005753316879272461, "time": 0.02350529670715332, "step": 0}
