{"aAcc": 51.81, "mIoU": 19.7, "mAcc": 55.9, "data_time": 0.00392709493637085, "time": 0.009862453937530517, "step": 0}
