{"aAcc": 96.36, "mIoU": 81.57, "mAcc": 94.66, "data_time": 0.003982412815093994, "time": 0.012322874069213867, "step": 0}
