{"aAcc": 35.38, "mIoU": 13.87, "mAcc": 51.73, "data_time": 0.019242341701801006, "time": 0.03484786473787748, "step": 0}
