{"aAcc": 41.73, "mIoU": 17.03, "mAcc": 54.63, "data_time": 0.002369969755738646, "time": 0.011048103426838969, "step": 0}
