{"aAcc": 34.03, "mIoU": 14.96, "mAcc": 55.54, "data_time": 0.020019898047814004, "time": 0.03809815186720628, "step": 0}
