{"aAcc": 44.26, "mIoU": 18.84, "mAcc": 54.61, "data_time": 0.023106905130239632, "time": 0.0318138782794659, "step": 0}
