{"aAcc": 47.13, "mIoU": 18.2, "mAcc": 53.1, "data_time": 0.0022234078292008284, "time": 0.010866188740992284, "step": 0}
