{"aAcc": 74.45, "mIoU": 35.81, "mAcc": 58.86, "data_time": 0.004783948699196616, "time": 0.01274658821441315, "step": 0}
