{"aAcc": 34.94, "mIoU": 21.11, "mAcc": 76.9, "data_time": 0.00535203218460083, "time": 0.024120092391967773, "step": 0}
