{"aAcc": 85.17, "mIoU": 45.62, "mAcc": 55.99, "data_time": 0.005389540195465088, "time": 0.030053822994232177, "step": 0}
