{"aAcc": 85.84, "mIoU": 49.03, "mAcc": 59.85, "data_time": 0.005442869663238525, "time": 0.02973780155181885, "step": 0}
