{"aAcc": 25.18, "mIoU": 13.82, "mAcc": 55.49, "data_time": 0.031028307401216947, "time": 0.05371420200054462, "step": 0}
