{"aAcc": 93.55, "mIoU": 60.46, "mAcc": 72.18, "data_time": 0.004287064075469971, "time": 0.030087671279907226, "step": 0}
