{"aAcc": 83.82, "mIoU": 50.78, "mAcc": 69.61, "data_time": 0.002631069539667486, "time": 0.010473323392344046, "step": 0}
