{"aAcc": 83.2, "mIoU": 49.96, "mAcc": 70.06, "data_time": 0.0028296787660200516, "time": 0.01084843703678676, "step": 0}
