{"aAcc": 73.81, "mIoU": 5.68, "mAcc": 7.69, "data_time": 0.02307405471801758, "time": 3.225051212310791, "step": 0}
