{"aAcc": 39.41, "mIoU": 29.75, "mAcc": 65.39, "data_time": 0.0031789875030517577, "time": 0.010297853946685791, "step": 0}
