{"aAcc": 85.4, "mIoU": 54.18, "mAcc": 72.1, "data_time": 0.0029012174396724493, "time": 0.011164166115142487, "step": 0}
