{"aAcc": 93.38, "mIoU": 63.34, "mAcc": 77.45, "data_time": 0.004266514778137207, "time": 0.029711995124816894, "step": 0}
