{"aAcc": 41.85, "mIoU": 14.95, "mAcc": 46.34, "data_time": 0.0041126237057223175, "time": 3.3713011269522184, "step": 0}
