{"aAcc": 83.4, "mIoU": 49.24, "mAcc": 66.91, "data_time": 0.00279950309585739, "time": 0.011044705307090676, "step": 0}
