{"aAcc": 43.98, "mIoU": 14.02, "mAcc": 41.39, "data_time": 0.015104165444007287, "time": 0.02448868751525879, "step": 0}
