{"aAcc": 46.54, "mIoU": 18.78, "mAcc": 51.04, "data_time": 0.004231896730932859, "time": 3.4150643230664848, "step": 0}
