{"aAcc": 41.59, "mIoU": 14.89, "mAcc": 47.47, "data_time": 0.01840360348041241, "time": 0.02748881853543795, "step": 0}
