{"aAcc": 74.02, "mIoU": 35.51, "mAcc": 58.67, "data_time": 0.00488692194550902, "time": 0.012941707621563922, "step": 0}
