{"aAcc": 35.38, "mIoU": 13.87, "mAcc": 51.73, "data_time": 0.019020850841815654, "time": 0.03450549565828764, "step": 0}
