{"aAcc": 56.24, "mIoU": 22.52, "mAcc": 54.0, "data_time": 0.006090848445892334, "time": 0.02777430534362793, "step": 0}
