{"aAcc": 96.0, "mIoU": 80.91, "mAcc": 87.17, "data_time": 0.0026981358999734395, "time": 0.011163035591880043, "step": 0}
