{"aAcc": 45.33, "mIoU": 18.03, "mAcc": 52.53, "data_time": 0.014645228019127479, "time": 0.024068887417133037, "step": 0}
