{"aAcc": 93.95, "mIoU": 64.12, "mAcc": 75.6, "data_time": 0.004564025402069092, "time": 0.032605128288269045, "step": 0}
