{"aAcc": 32.53, "mIoU": 14.55, "mAcc": 57.3, "data_time": 0.024006201670720026, "time": 0.0399775688464825, "step": 0}
