{"aAcc": 35.04, "mIoU": 21.44, "mAcc": 61.07, "data_time": 0.002853286135327685, "time": 0.0101907777262258, "step": 0}
