{"aAcc": 41.39, "mIoU": 23.21, "mAcc": 76.45, "data_time": 0.004033141136169434, "time": 0.011449744701385498, "step": 0}
