{"aAcc": 34.79, "mIoU": 17.92, "mAcc": 63.0, "data_time": 0.016013475564809945, "time": 0.02551572139446552, "step": 0}
