{"aAcc": 48.9, "mIoU": 16.21, "mAcc": 44.94, "data_time": 0.014195533899160532, "time": 0.023598267481877253, "step": 0}
