{"aAcc": 63.41, "mIoU": 29.05, "mAcc": 55.82, "data_time": 0.0026866918081765645, "time": 0.010466068655579955, "step": 0}
