{"aAcc": 93.64, "mIoU": 74.2, "mAcc": 78.72, "data_time": 0.0027704382990742776, "time": 0.011243918439844153, "step": 0}
