{"aAcc": 92.17, "mIoU": 57.25, "mAcc": 65.61, "data_time": 0.004190142154693603, "time": 0.02850391387939453, "step": 0}
