{"aAcc": 96.39, "mIoU": 81.64, "mAcc": 93.98, "data_time": 0.0034972429275512695, "time": 0.012830893993377685, "step": 0}
