{"aAcc": 46.15, "mIoU": 17.17, "mAcc": 49.07, "data_time": 0.015713911790114183, "time": 0.025647695247943584, "step": 0}
