{"aAcc": 76.75, "mIoU": 37.0, "mAcc": 56.43, "data_time": 0.004823615262796591, "time": 0.013208262212983855, "step": 0}
