{"aAcc": 35.63, "mIoU": 18.39, "mAcc": 63.22, "data_time": 0.019080969003530648, "time": 0.027723660835852988, "step": 0}
