{"aAcc": 50.76, "mIoU": 28.42, "mAcc": 57.47, "data_time": 0.005811364650726319, "time": 0.025956912040710448, "step": 0}
