{"aAcc": 85.02, "mIoU": 45.41, "mAcc": 55.44, "data_time": 0.005257081985473633, "time": 0.0297184681892395, "step": 0}
