{"aAcc": 44.43, "mIoU": 16.25, "mAcc": 48.85, "data_time": 0.014536600846510667, "time": 0.024720246975238506, "step": 0}
