{"aAcc": 34.64, "mIoU": 12.78, "mAcc": 45.23, "data_time": 0.014776358237633338, "time": 0.023865589728722207, "step": 0}
