{"aAcc": 73.4, "mIoU": 39.01, "mAcc": 65.1, "data_time": 0.002499943251138205, "time": 0.01057809787792164, "step": 0}
