{"aAcc": 40.11, "mIoU": 13.99, "mAcc": 48.16, "data_time": 0.0036797308921813964, "time": 0.012078857421875, "step": 0}
