{"aAcc": 43.91, "mIoU": 30.5, "mAcc": 72.66, "data_time": 0.004012892246246338, "time": 0.0257676100730896, "step": 0}
