{"aAcc": 79.8, "mIoU": 18.37, "mAcc": 25.6, "data_time": 0.0033965492248535156, "time": 0.011525993347167968, "step": 0}
