{"aAcc": 42.54, "mIoU": 29.84, "mAcc": 70.32, "data_time": 0.003354642391204834, "time": 0.011244635581970214, "step": 0}
