{"aAcc": 46.15, "mIoU": 17.17, "mAcc": 49.07, "data_time": 0.018791969005878154, "time": 0.028461291239811823, "step": 0}
