{"aAcc": 34.61, "mIoU": 16.36, "mAcc": 61.06, "data_time": 0.018552780151367188, "time": 0.03542960607088529, "step": 0}
