{"aAcc": 53.59, "mIoU": 24.84, "mAcc": 66.26, "data_time": 0.004703514575958252, "time": 0.023511226177215575, "step": 0}
