{"aAcc": 62.45, "mIoU": 28.45, "mAcc": 64.1, "data_time": 0.0040102720260620115, "time": 0.023941643238067627, "step": 0}
