{"aAcc": 42.75, "mIoU": 31.13, "mAcc": 71.75, "data_time": 0.005071823596954346, "time": 0.027153050899505614, "step": 0}
