{"aAcc": 38.91, "mIoU": 13.76, "mAcc": 45.79, "data_time": 0.014258458064152645, "time": 0.023712323262141302, "step": 0}
