{"aAcc": 44.96, "mIoU": 14.23, "mAcc": 41.54, "data_time": 0.014754515427809495, "time": 0.02356587923490084, "step": 0}
