{"aAcc": 37.66, "mIoU": 14.75, "mAcc": 50.31, "data_time": 0.0025362483747712857, "time": 0.010651605469839913, "step": 0}
