{"aAcc": 37.12, "mIoU": 18.81, "mAcc": 62.32, "data_time": 0.019107580184936523, "time": 0.027965545654296875, "step": 0}
