{"aAcc": 41.8, "mIoU": 13.79, "mAcc": 42.61, "data_time": 0.020151329040527344, "time": 5.265882730484009, "step": 0}
