{"aAcc": 63.53, "mIoU": 28.05, "mAcc": 62.2, "data_time": 0.005296173095703125, "time": 0.026710355281829835, "step": 0}
