{"aAcc": 87.88, "mIoU": 51.19, "mAcc": 58.33, "data_time": 0.003859508037567139, "time": 0.028360815048217775, "step": 0}
