{"aAcc": 44.43, "mIoU": 16.25, "mAcc": 48.85, "data_time": 0.01538832371051495, "time": 0.02409674571110652, "step": 0}
