{"aAcc": 49.44, "mIoU": 25.56, "mAcc": 74.48, "data_time": 0.0033767557144165038, "time": 0.010935404300689698, "step": 0}
