{"aAcc": 95.98, "mIoU": 80.89, "mAcc": 87.12, "data_time": 0.0026662847497961025, "time": 0.010787532879756047, "step": 0}
