{"aAcc": 41.27, "mIoU": 29.65, "mAcc": 72.38, "data_time": 0.004709808826446533, "time": 0.027344892024993895, "step": 0}
