{"aAcc": 92.07, "mIoU": 58.55, "mAcc": 71.26, "data_time": 0.004470007419586182, "time": 0.030421624183654784, "step": 0}
