{"aAcc": 79.94, "mIoU": 26.34, "mAcc": 31.61, "data_time": 0.0049922728538513185, "time": 0.03363858699798584, "step": 0}
