{"aAcc": 46.15, "mIoU": 17.17, "mAcc": 49.07, "data_time": 0.017663185413067158, "time": 0.026149529677170973, "step": 0}
