{"aAcc": 59.95, "mIoU": 27.09, "mAcc": 64.63, "data_time": 0.003833298683166504, "time": 0.023146955966949462, "step": 0}
