{"aAcc": 47.9, "mIoU": 17.96, "mAcc": 50.25, "data_time": 0.01772286341740535, "time": 0.027387032142052285, "step": 0}
