{"aAcc": 75.59, "mIoU": 13.02, "mAcc": 20.51, "data_time": 0.004211206436157227, "time": 0.01203315019607544, "step": 0}
