{"aAcc": 33.12, "mIoU": 28.69, "mAcc": 70.5, "data_time": 0.003736999034881592, "time": 0.011083245277404785, "step": 0}
