{"aAcc": 78.45, "mIoU": 15.52, "mAcc": 22.61, "data_time": 0.004125545024871826, "time": 0.012092831134796143, "step": 0}
