{"aAcc": 53.26, "mIoU": 20.97, "mAcc": 54.32, "data_time": 0.004819316864013672, "time": 0.02727909803390503, "step": 0}
