{"aAcc": 33.88, "mIoU": 28.6, "mAcc": 72.47, "data_time": 0.005485117435455322, "time": 0.024006202220916747, "step": 0}
