{"aAcc": 55.67, "mIoU": 26.94, "mAcc": 69.05, "data_time": 0.004346086978912354, "time": 0.021821067333221436, "step": 0}
