{"aAcc": 53.26, "mIoU": 20.97, "mAcc": 54.32, "data_time": 0.004454584121704102, "time": 0.022196953296661378, "step": 0}
