{"aAcc": 32.9, "mIoU": 28.22, "mAcc": 70.17, "data_time": 0.0033981680870056154, "time": 0.010727002620697021, "step": 0}
