{"aAcc": 35.93, "mIoU": 46.65, "mAcc": 63.85, "data_time": 0.0023603020133552972, "time": 0.00966596734392774, "step": 0}
