{"aAcc": 41.8, "mIoU": 13.79, "mAcc": 42.61, "data_time": 0.018744993209838866, "time": 3.4141741752624513, "step": 0}
