{"aAcc": 38.58, "mIoU": 13.9, "mAcc": 43.65, "data_time": 0.005000036541778262, "time": 3.777543842202366, "step": 0}
