{"aAcc": 37.66, "mIoU": 14.75, "mAcc": 50.31, "data_time": 0.0024964691518427253, "time": 0.012483000755310059, "step": 0}
