{"aAcc": 36.4, "mIoU": 16.99, "mAcc": 56.63, "data_time": 0.01951149793771597, "time": 0.03617215156555176, "step": 0}
