{"aAcc": 44.43, "mIoU": 16.25, "mAcc": 48.85, "data_time": 0.015289233281062199, "time": 0.026375348751361553, "step": 0}
