{"aAcc": 73.34, "mIoU": 38.78, "mAcc": 65.27, "data_time": 0.0036891674995422363, "time": 0.011823196411132813, "step": 0}
