{"aAcc": 37.66, "mIoU": 14.75, "mAcc": 50.31, "data_time": 0.0009960405903902442, "time": 0.003687387009667396, "step": 0}
