{"aAcc": 36.16, "mIoU": 14.46, "mAcc": 50.88, "data_time": 0.020414113998413086, "time": 0.03790140151977539, "step": 0}
