{"aAcc": 58.53, "mIoU": 27.59, "mAcc": 68.22, "data_time": 0.0051203036308288576, "time": 0.025512008666992186, "step": 0}
