{"aAcc": 35.12, "mIoU": 27.61, "mAcc": 72.43, "data_time": 0.0047613525390625, "time": 0.02655129671096802, "step": 0}
