{"aAcc": 42.94, "mIoU": 13.33, "mAcc": 43.09, "data_time": 0.019448184967041017, "time": 0.02882518768310547, "step": 0}
