{"aAcc": 39.63, "mIoU": 15.77, "mAcc": 50.32, "data_time": 0.018019492809589092, "time": 0.027181441967303935, "step": 0}
