{"aAcc": 57.93, "mIoU": 27.52, "mAcc": 68.85, "data_time": 0.004148223400115967, "time": 0.02725536823272705, "step": 0}
