{"aAcc": 51.18, "mIoU": 26.27, "mAcc": 74.76, "data_time": 0.004238228797912597, "time": 0.011891698837280274, "step": 0}
