{"aAcc": 34.35, "mIoU": 28.57, "mAcc": 71.79, "data_time": 0.0049930429458618164, "time": 0.025377039909362794, "step": 0}
