{"aAcc": 32.13, "mIoU": 17.96, "mAcc": 67.9, "data_time": 0.022061861478365384, "time": 0.031571388244628906, "step": 0}
