{"aAcc": 38.23, "mIoU": 32.45, "mAcc": 71.85, "data_time": 0.002830172633076762, "time": 0.010288717982533214, "step": 0}
