{"aAcc": 56.91, "mIoU": 8.84, "mAcc": 27.02, "data_time": 0.004683959484100342, "time": 0.027268335819244385, "step": 0}
