{"aAcc": 52.01, "mIoU": 29.76, "mAcc": 61.26, "data_time": 0.005326049327850342, "time": 0.02459653377532959, "step": 0}
