{"aAcc": 84.96, "mIoU": 41.62, "mAcc": 54.73, "data_time": 0.0046248316764831545, "time": 0.03102058410644531, "step": 0}
