{"aAcc": 81.42, "mIoU": 46.42, "mAcc": 75.65, "data_time": 0.0036742830276489257, "time": 0.011813576221466065, "step": 0}
