{"aAcc": 95.26, "mIoU": 73.34, "mAcc": 81.43, "data_time": 0.003453984260559082, "time": 0.012206346988677978, "step": 0}
