{"aAcc": 38.21, "mIoU": 13.36, "mAcc": 46.31, "data_time": 0.01483464241027832, "time": 0.024213460775522087, "step": 0}
