{"aAcc": 41.8, "mIoU": 13.79, "mAcc": 42.61, "data_time": 0.028508448600769044, "time": 5.205630087852478, "step": 0}
