{"aAcc": 47.68, "mIoU": 23.24, "mAcc": 67.8, "data_time": 0.004926359653472901, "time": 0.025882012844085693, "step": 0}
