{"aAcc": 72.81, "mIoU": 3.47, "mAcc": 4.76, "data_time": 0.004673006510970616, "time": 3.572433049135869, "step": 0}
