{"aAcc": 38.31, "mIoU": 15.53, "mAcc": 49.96, "data_time": 0.019818672767052285, "time": 0.030391436356764574, "step": 0}
