{"aAcc": 28.59, "mIoU": 18.06, "mAcc": 72.97, "data_time": 0.01753827241750864, "time": 0.026703412716205303, "step": 0}
