{"aAcc": 52.4, "mIoU": 22.68, "mAcc": 60.27, "data_time": 0.0051250743865966794, "time": 0.025983705520629882, "step": 0}
