{"aAcc": 41.8, "mIoU": 13.79, "mAcc": 42.61, "data_time": 0.019889116287231445, "time": 3.3824315309524535, "step": 0}
