{"aAcc": 91.82, "mIoU": 63.74, "mAcc": 73.73, "data_time": 0.004002282619476319, "time": 0.0265737247467041, "step": 0}
