{"aAcc": 93.01, "mIoU": 63.91, "mAcc": 74.38, "data_time": 0.005489242076873779, "time": 0.032348980903625486, "step": 0}
