{"aAcc": 78.39, "mIoU": 15.18, "mAcc": 22.23, "data_time": 0.00393247127532959, "time": 0.012132956981658935, "step": 0}
