{"aAcc": 34.65, "mIoU": 27.44, "mAcc": 74.69, "data_time": 0.003947043418884277, "time": 0.024445388317108154, "step": 0}
