{"aAcc": 89.79, "mIoU": 57.82, "mAcc": 74.0, "data_time": 0.003995962142944336, "time": 0.012598807811737061, "step": 0}
