{"aAcc": 45.36, "mIoU": 18.26, "mAcc": 53.56, "data_time": 0.01467426006610577, "time": 0.024260227496807393, "step": 0}
