{"aAcc": 83.96, "mIoU": 50.66, "mAcc": 68.55, "data_time": 0.002877354621887207, "time": 0.010696395412906186, "step": 0}
