{"aAcc": 53.36, "mIoU": 25.65, "mAcc": 69.43, "data_time": 0.0042553567886352535, "time": 0.02346691846847534, "step": 0}
