{"aAcc": 54.65, "mIoU": 25.98, "mAcc": 69.04, "data_time": 0.004968326091766357, "time": 0.02650881767272949, "step": 0}
