{"aAcc": 43.17, "mIoU": 29.41, "mAcc": 68.75, "data_time": 0.003317856788635254, "time": 0.010905673503875732, "step": 0}
