{"aAcc": 46.54, "mIoU": 18.78, "mAcc": 51.04, "data_time": 0.004461099605749149, "time": 3.3716207069925743, "step": 0}
