{"aAcc": 34.47, "mIoU": 20.94, "mAcc": 77.1, "data_time": 0.0034064149856567385, "time": 0.010936686992645264, "step": 0}
