{"aAcc": 41.62, "mIoU": 22.86, "mAcc": 75.38, "data_time": 0.005541315078735351, "time": 0.02755791902542114, "step": 0}
