{"aAcc": 62.29, "mIoU": 27.09, "mAcc": 54.23, "data_time": 0.0025835233730274244, "time": 0.01029157769549024, "step": 0}
