{"aAcc": 73.82, "mIoU": 3.52, "mAcc": 4.76, "data_time": 0.019407107279850885, "time": 0.03764757743248573, "step": 0}
