{"aAcc": 74.25, "mIoU": 11.35, "mAcc": 17.06, "data_time": 0.0040793466567993165, "time": 0.012047362327575684, "step": 0}
