{"aAcc": 42.38, "mIoU": 30.89, "mAcc": 72.05, "data_time": 0.0050089478492736815, "time": 0.02567784309387207, "step": 0}
