{"aAcc": 94.37, "mIoU": 72.37, "mAcc": 87.81, "data_time": 0.004553844928741455, "time": 0.012557878494262695, "step": 0}
