{"aAcc": 45.39, "mIoU": 13.09, "mAcc": 41.74, "data_time": 0.019007182121276854, "time": 3.2668729543685915, "step": 0}
